,alcohol,volatile acidity,total sulfur dioxide,citric acid,quality
0,9.4,0.7,34.0,0.0,5
1,9.8,0.88,67.0,0.0,5
2,9.8,0.76,54.0,0.04,5
3,9.8,0.28,60.0,0.56,6
4,9.4,0.7,34.0,0.0,5
5,9.4,0.66,40.0,0.0,5
6,9.4,0.6,59.0,0.06,5
7,10.0,0.65,21.0,0.0,7
8,9.5,0.58,18.0,0.02,7
9,10.5,0.5,102.0,0.36,5
10,9.2,0.58,65.0,0.08,5
11,10.5,0.5,102.0,0.36,5
12,9.9,0.615,59.0,0.0,5
13,9.1,0.61,29.0,0.29,5
14,9.2,0.62,145.0,0.18,5
15,9.2,0.62,148.0,0.19,5
16,10.5,0.28,103.0,0.56,7
17,9.3,0.56,56.0,0.28,5
18,9.0,0.59,29.0,0.08,4
19,9.2,0.32,56.0,0.51,6
20,9.4,0.22,60.0,0.48,6
21,9.7,0.39,71.0,0.31,5
22,9.5,0.43,37.0,0.21,5
23,9.4,0.49,67.0,0.11,5
24,9.7,0.4,40.0,0.14,6
25,9.3,0.39,23.0,0.16,5
26,9.5,0.41,11.0,0.24,5
27,9.5,0.43,37.0,0.21,5
28,9.4,0.71,35.0,0.0,5
29,9.8,0.645,16.0,0.0,6
30,10.1,0.675,82.0,0.07,5
31,10.6,0.685,37.0,0.0,6
32,9.8,0.655,113.0,0.12,5
33,9.4,0.605,83.0,0.12,6
34,9.2,0.32,50.0,0.25,5
35,9.6,0.645,18.0,0.0,6
36,10.8,0.6,15.0,0.14,6
37,9.7,0.38,30.0,0.28,7
38,9.8,1.13,19.0,0.09,4
39,10.5,0.45,87.0,0.36,5
40,10.5,0.45,87.0,0.36,5
41,9.3,0.61,46.0,0.3,4
42,10.5,0.49,14.0,0.2,6
43,10.3,0.66,23.0,0.22,5
44,9.5,0.67,11.0,0.02,5
45,13.1,0.52,65.0,0.15,4
46,9.2,0.935,114.0,0.43,5
47,9.5,0.29,37.0,0.52,5
48,9.2,0.4,12.0,0.23,5
49,9.2,0.31,96.0,0.37,5
50,9.2,0.66,23.0,0.26,5
51,9.4,0.52,15.0,0.04,6
52,9.4,0.5,14.0,0.04,6
53,9.4,0.38,119.0,0.36,5
54,10.2,0.51,73.0,0.15,6
55,9.5,0.62,45.0,0.04,5
56,9.6,0.42,10.0,0.57,5
57,9.4,0.63,110.0,0.12,5
58,10.0,0.59,54.0,0.18,5
59,9.4,0.39,46.0,0.31,6
60,9.2,0.4,52.0,0.4,5
61,9.3,0.69,112.0,0.49,5
62,9.5,0.52,35.0,0.16,7
63,9.8,0.735,54.0,0.05,5
64,10.9,0.725,11.0,0.05,5
65,10.9,0.725,11.0,0.05,5
66,9.6,0.52,39.0,0.11,5
67,10.7,0.705,15.0,0.07,5
68,10.7,0.32,65.0,0.57,5
69,10.5,0.705,19.0,0.05,6
70,9.5,0.63,27.0,0.08,6
71,9.5,0.67,96.0,0.23,5
72,9.5,0.69,94.0,0.22,5
73,9.2,0.675,43.0,0.26,4
74,9.6,0.32,83.0,0.54,5
75,10.5,0.41,42.0,0.64,5
76,10.5,0.41,42.0,0.64,5
77,10.7,0.785,30.0,0.0,6
78,10.1,0.75,80.0,0.12,5
79,9.1,0.625,119.0,0.2,4
80,9.2,0.45,15.0,0.2,5
81,9.4,0.43,67.0,0.7,5
82,9.1,0.5,73.0,0.47,5
83,9.4,0.67,51.0,0.26,5
84,10.3,0.3,61.0,0.48,6
85,10.1,0.55,40.0,0.15,5
86,9.9,0.49,136.0,0.28,6
87,9.6,0.49,31.0,0.26,5
88,9.5,0.39,125.0,0.44,5
89,9.0,0.62,24.0,0.08,5
90,9.5,0.52,140.0,0.26,5
91,9.9,0.49,136.0,0.28,6
92,9.8,0.49,133.0,0.29,5
93,9.6,0.49,31.0,0.26,5
94,10.5,1.02,85.0,0.04,4
95,12.9,0.6,106.0,0.17,6
96,10.7,0.775,23.0,0.0,5
97,9.2,0.5,22.0,0.25,5
98,9.8,0.9,10.0,0.06,5
99,9.0,0.545,35.0,0.18,6
100,10.2,0.61,50.0,0.3,6
101,10.4,0.5,22.0,0.3,6
102,9.0,0.545,35.0,0.18,6
103,9.2,0.575,65.0,0.22,5
104,9.4,0.49,36.0,0.24,5
105,9.2,0.575,65.0,0.22,5
106,9.3,0.41,69.0,0.68,5
107,9.3,0.63,64.0,0.31,5
108,9.6,0.33,80.0,0.53,6
109,9.3,0.785,153.0,0.52,5
110,9.5,0.56,47.0,0.19,5
111,9.8,0.62,108.0,0.09,5
112,9.8,0.6,111.0,0.1,5
113,9.7,0.31,46.0,0.44,6
114,9.5,0.56,47.0,0.19,5
115,10.5,0.4,62.0,0.31,6
116,10.0,0.54,40.0,0.28,6
117,9.4,0.56,28.0,0.12,6
118,10.9,0.55,56.0,0.04,6
119,9.2,0.69,89.0,0.08,6
120,9.0,1.07,89.0,0.09,5
121,10.9,0.55,56.0,0.04,6
122,9.2,0.695,13.0,0.0,5
123,9.5,0.71,34.0,0.0,5
124,9.5,0.5,102.0,0.17,5
125,9.4,0.62,90.0,0.04,5
126,10.9,1.33,12.0,0.0,5
127,10.9,1.33,12.0,0.0,5
128,10.5,0.59,16.0,0.16,7
129,9.4,0.38,19.0,0.15,5
130,9.4,0.745,134.0,0.56,5
131,13.0,0.5,99.0,0.09,5
132,13.0,0.5,99.0,0.09,5
133,9.8,0.5,26.0,0.01,6
134,9.9,1.04,29.0,0.05,6
135,9.6,0.745,63.0,0.11,5
136,9.5,0.715,52.0,0.15,5
137,9.2,0.415,45.0,0.36,5
138,9.5,0.56,105.0,0.19,5
139,9.5,0.56,108.0,0.19,5
140,9.6,0.745,63.0,0.11,5
141,9.5,0.715,52.0,0.15,5
142,14.0,0.34,63.0,0.0,6
143,9.4,0.39,20.0,0.08,5
144,14.0,0.34,63.0,0.0,6
145,9.4,0.67,141.0,0.55,5
146,10.0,0.68,94.0,0.02,5
147,9.3,0.49,88.0,0.26,5
148,10.2,0.49,30.0,0.1,6
149,10.5,0.4,43.0,0.44,6
150,10.3,0.33,11.0,0.47,6
151,9.4,0.52,69.0,1.0,4
152,10.1,0.6,99.0,0.03,5
153,10.1,0.6,99.0,0.03,5
154,10.5,0.43,129.0,0.42,5
155,10.5,0.43,128.0,0.42,5
156,10.5,0.43,129.0,0.42,5
157,10.5,0.43,128.0,0.42,5
158,9.3,0.68,22.0,0.0,5
159,9.3,0.6,86.0,0.18,6
160,9.6,0.95,20.0,0.03,5
161,9.2,0.68,20.0,0.02,4
162,10.0,0.53,31.0,0.04,6
163,9.4,0.6,121.0,0.26,5
164,9.4,0.59,121.0,0.26,5
165,9.5,0.63,96.0,0.48,5
166,10.2,0.64,101.0,0.1,5
167,9.0,0.55,42.0,0.03,4
168,10.4,0.63,44.0,0.07,6
169,9.5,0.705,63.0,0.24,5
170,9.1,0.885,8.0,0.03,4
171,9.2,0.42,18.0,0.17,6
172,9.2,0.42,18.0,0.17,6
173,11.5,0.62,42.0,0.05,6
174,9.5,0.38,35.0,0.21,5
175,9.5,0.5,49.0,0.04,5
176,9.5,0.38,35.0,0.21,5
177,10.5,0.52,38.0,0.42,6
178,9.6,0.805,20.0,0.0,5
179,9.5,0.61,42.0,0.14,5
180,9.5,0.61,42.0,0.14,5
181,9.3,0.61,110.0,0.49,5
182,9.3,0.73,42.0,0.02,5
183,9.3,0.61,65.0,0.2,5
184,9.3,0.62,62.0,0.21,6
185,9.7,0.31,85.0,0.57,5
186,9.2,0.39,67.0,0.48,5
187,9.7,0.705,26.0,0.1,5
188,9.5,0.5,143.0,0.33,5
189,9.5,0.49,144.0,0.32,5
190,9.4,0.5,127.0,0.35,5
191,9.8,0.37,49.0,0.25,6
192,9.5,0.63,126.0,0.12,5
193,9.7,0.55,28.0,0.21,5
194,9.7,0.55,28.0,0.21,5
195,9.4,0.59,120.0,0.33,5
196,10.2,0.58,55.0,0.3,5
197,10.1,0.3,27.0,0.6,6
198,13.0,0.835,93.0,0.08,7
199,11.4,1.09,31.0,0.06,4
200,10.3,0.32,24.0,0.47,7
201,9.3,0.37,145.0,0.48,5
202,9.5,0.5,49.0,0.11,5
203,9.2,0.42,39.0,0.35,5
204,9.2,0.43,37.0,0.36,6
205,10.8,0.3,28.0,0.74,7
206,10.8,0.3,28.0,0.74,7
207,9.3,0.57,120.0,0.31,5
208,9.4,0.44,95.0,0.28,5
209,10.5,0.3,19.0,0.58,7
210,12.4,0.53,19.0,0.6,6
211,10.0,0.725,62.0,0.24,6
212,10.2,0.44,15.0,0.64,6
213,10.1,0.57,65.0,0.26,5
214,9.8,0.735,41.0,0.08,6
215,10.5,0.49,121.0,0.49,5
216,11.0,0.625,49.0,0.16,5
217,9.1,0.725,41.0,0.22,5
218,9.7,0.49,44.0,0.19,5
219,9.5,0.53,144.0,0.33,5
220,9.4,0.34,58.0,0.37,6
221,9.4,0.53,72.0,0.26,5
222,9.5,0.61,10.0,0.04,5
223,10.0,0.645,28.0,0.25,6
224,10.4,0.635,55.0,0.36,4
225,10.5,0.43,63.0,0.25,6
226,9.5,0.59,81.0,0.5,6
227,9.8,0.82,23.0,0.14,5
228,10.5,0.43,63.0,0.25,6
229,11.0,0.52,37.0,0.25,5
230,12.2,0.48,106.0,0.04,7
231,9.9,0.38,49.0,0.06,6
232,9.6,0.37,58.0,0.2,6
233,11.0,0.52,37.0,0.25,5
234,9.0,1.0,37.0,0.09,6
235,9.0,0.63,38.0,0.0,6
236,9.0,0.63,38.0,0.0,6
237,9.2,0.645,39.0,0.0,6
238,9.0,0.63,38.0,0.0,6
239,9.0,1.0,37.0,0.09,6
240,9.3,0.635,62.0,0.37,5
241,10.9,0.38,24.0,0.56,6
242,9.8,0.58,109.0,0.1,6
243,9.2,0.21,24.0,0.44,7
244,9.2,0.21,24.0,0.44,7
245,9.9,0.66,23.0,0.0,6
246,9.5,0.68,51.0,0.07,5
247,9.3,0.6,73.0,0.17,5
248,9.8,0.53,39.0,0.06,6
249,9.9,0.66,23.0,0.0,6
250,10.0,0.32,37.0,0.44,6
251,9.9,0.6,34.0,0.0,6
252,10.5,0.35,21.0,0.48,5
253,9.5,0.775,86.0,0.42,5
254,9.9,0.6,34.0,0.0,6
255,9.3,0.57,119.0,0.23,5
256,9.2,0.34,13.0,0.37,5
257,9.2,0.695,56.0,0.0,5
258,9.4,0.41,45.0,0.76,5
259,10.5,0.31,33.0,0.47,7
260,9.3,0.33,45.0,0.23,5
261,9.4,0.975,67.0,0.04,4
262,10.0,0.52,35.0,0.03,5
263,9.3,0.37,49.0,0.23,5
264,10.9,0.56,27.0,0.49,5
265,10.2,0.26,10.0,0.52,7
266,9.8,0.87,61.0,0.0,4
267,12.8,0.35,37.0,0.46,8
268,9.4,0.54,27.0,0.04,6
269,10.1,0.18,23.0,0.51,6
270,10.7,0.545,61.0,0.06,6
271,10.1,0.18,23.0,0.51,6
272,10.1,0.37,65.0,0.58,5
273,9.4,0.715,38.0,0.2,5
274,9.4,0.65,94.0,0.18,5
275,10.7,0.545,61.0,0.06,6
276,9.4,0.54,27.0,0.04,6
277,10.1,0.18,23.0,0.51,6
278,12.6,0.32,13.0,0.45,8
279,10.5,0.4,47.0,0.32,7
280,9.3,0.26,19.0,0.44,6
281,9.9,0.27,10.0,0.68,7
282,9.1,0.52,53.0,0.12,5
283,10.5,0.4,47.0,0.32,7
284,9.8,0.59,71.0,0.07,5
285,9.8,0.59,71.0,0.07,5
286,10.3,0.45,49.0,0.55,6
287,10.3,0.4,53.0,0.12,6
288,10.6,0.52,49.0,0.09,7
289,9.2,0.42,98.0,0.53,5
290,10.6,0.52,49.0,0.09,7
291,10.5,0.2,18.0,0.48,5
292,10.3,0.55,48.0,0.23,6
293,10.1,0.36,16.0,0.25,6
294,9.5,0.34,53.0,0.52,6
295,9.5,0.5,27.0,0.46,5
296,9.9,0.83,70.0,0.37,5
297,9.6,0.63,29.0,0.06,5
298,9.7,0.65,31.0,0.02,5
299,9.6,0.67,33.0,0.06,5
300,10.7,0.53,44.0,0.06,6
301,10.1,0.18,15.0,0.48,6
302,10.0,0.705,28.0,0.12,5
303,9.5,0.67,21.0,0.12,5
304,9.2,0.65,90.0,0.6,5
305,9.3,0.53,25.0,0.48,6
306,9.4,0.62,54.0,0.32,5
307,9.5,0.41,14.0,0.42,6
308,9.5,0.43,12.0,0.44,6
309,9.5,0.29,30.0,0.38,6
310,9.3,0.53,25.0,0.48,6
311,9.4,0.53,105.0,0.24,6
312,9.5,0.46,98.0,0.31,6
313,9.4,0.47,135.0,0.3,5
314,11.0,0.36,72.0,0.29,5
315,11.0,0.35,53.0,0.29,6
316,10.1,0.56,92.0,0.23,5
317,10.4,0.77,74.0,0.12,6
318,11.5,0.66,59.0,0.39,7
319,10.4,0.77,74.0,0.12,6
320,11.5,0.66,59.0,0.39,7
321,9.7,0.61,87.0,0.26,5
322,9.3,0.62,18.0,0.05,5
323,9.5,0.59,73.0,0.42,6
324,9.2,0.49,50.0,0.2,6
325,9.2,0.49,50.0,0.2,6
326,11.5,0.53,14.0,0.66,7
327,11.5,0.44,13.0,0.5,5
328,9.7,0.27,21.0,0.62,6
329,9.5,0.46,15.0,0.39,5
330,12.5,0.36,41.0,0.64,6
331,12.5,0.36,41.0,0.64,6
332,9.4,0.58,114.0,0.28,6
333,11.0,0.56,44.0,0.08,5
334,11.7,0.65,38.0,0.01,7
335,12.2,0.695,21.0,0.53,7
336,12.5,0.43,16.0,0.45,6
337,10.3,0.43,58.0,0.32,5
338,11.5,0.49,99.0,0.58,6
339,9.8,0.28,29.0,0.54,7
340,9.2,0.34,21.0,0.5,6
341,11.3,0.42,18.0,0.48,6
342,9.8,0.39,14.0,0.47,6
343,9.8,0.39,14.0,0.47,6
344,10.7,0.57,32.0,0.5,6
345,9.9,0.685,63.0,0.0,5
346,12.3,0.815,34.0,0.02,7
347,12.0,0.49,15.0,0.67,6
348,10.0,0.56,46.0,0.31,6
349,9.4,0.785,28.0,0.0,6
350,9.9,0.67,34.0,0.22,6
351,9.4,0.795,26.0,0.0,6
352,9.3,0.665,19.0,0.0,5
353,13.0,0.53,77.0,0.79,5
354,11.9,0.21,165.0,0.4,6
355,12.8,0.75,32.0,0.01,6
356,11.0,0.41,55.0,0.52,5
357,11.7,0.42,29.0,0.66,7
358,10.4,0.43,23.0,0.66,7
359,9.8,0.38,41.0,0.66,6
360,9.4,0.7,81.0,0.23,5
361,9.9,0.45,50.0,0.31,6
362,10.0,0.58,37.0,0.66,5
363,10.2,0.46,15.0,0.63,5
364,10.0,0.615,42.0,0.66,7
365,11.8,0.42,21.0,0.5,6
366,10.0,0.615,42.0,0.66,7
367,9.0,0.575,24.0,0.61,5
368,9.4,0.34,75.0,0.52,5
369,12.0,0.27,18.0,0.53,7
370,9.9,0.765,63.0,0.02,5
371,8.7,0.24,25.0,0.4,6
372,10.6,0.28,46.0,0.48,6
373,9.2,0.55,72.0,0.22,5
374,10.8,0.41,47.0,0.63,6
375,11.8,0.54,15.0,0.71,7
376,11.0,0.45,47.0,0.5,6
377,12.0,0.27,18.0,0.53,7
378,13.3,0.625,24.0,0.66,6
379,10.8,0.42,60.0,0.38,6
380,9.4,0.26,27.0,0.42,6
381,10.0,0.415,43.0,0.68,6
382,9.4,0.26,27.0,0.42,6
383,9.4,0.26,27.0,0.42,6
384,9.2,0.51,54.0,0.28,5
385,9.7,0.63,37.0,0.07,6
386,9.2,0.54,48.0,0.26,6
387,9.6,0.66,42.0,0.15,6
388,9.2,0.46,53.0,0.26,6
389,10.0,0.38,49.0,0.31,7
390,12.9,0.85,88.0,0.05,8
391,10.0,0.415,43.0,0.68,6
392,9.5,0.37,26.0,0.52,5
393,9.1,0.665,95.0,0.61,5
394,9.9,0.6,25.0,0.65,5
395,13.0,0.37,38.0,0.76,7
396,9.9,0.735,124.0,0.02,5
397,11.0,0.59,49.0,0.59,6
398,11.0,0.59,49.0,0.59,6
399,9.4,0.765,42.0,0.22,5
400,9.9,0.735,124.0,0.02,5
401,10.8,0.26,38.0,0.3,6
402,10.5,0.48,64.0,0.54,6
403,10.5,0.6,41.0,0.49,6
404,9.1,0.69,27.0,0.05,5
405,10.1,0.31,25.0,0.46,6
406,10.8,0.44,28.0,0.47,6
407,10.8,0.39,30.0,0.66,7
408,11.3,0.34,16.0,0.58,6
409,9.6,0.46,49.0,0.49,4
410,9.5,0.43,86.0,0.34,6
411,9.5,0.45,78.0,0.35,5
412,9.3,0.735,77.0,0.16,5
413,11.7,0.4,19.0,0.53,7
414,9.5,0.52,122.0,0.34,5
415,9.3,0.725,134.0,0.24,5
416,11.7,0.48,20.0,0.64,6
417,10.5,0.58,124.0,0.12,5
418,10.4,0.38,20.0,0.51,6
419,9.9,0.77,52.0,0.0,5
420,11.8,0.56,67.0,0.33,7
421,12.3,0.84,48.0,0.03,7
422,10.9,0.96,60.0,0.2,5
423,11.0,0.24,24.0,0.47,7
424,10.9,0.96,60.0,0.2,5
425,12.3,0.84,48.0,0.03,7
426,11.4,0.67,48.0,0.08,6
427,10.6,0.78,32.0,0.22,6
428,9.3,0.52,30.0,0.33,5
429,10.4,0.84,35.0,0.63,6
430,11.0,0.24,24.0,0.47,7
431,9.2,0.55,66.0,0.35,5
432,12.8,0.37,24.0,0.69,6
433,9.5,0.39,18.0,0.63,5
434,9.9,0.41,54.0,0.55,6
435,9.5,0.39,18.0,0.63,5
436,10.2,0.67,62.0,0.3,6
437,11.2,0.45,22.0,0.73,6
438,9.9,0.41,54.0,0.55,6
439,9.3,0.62,50.0,0.18,5
440,9.8,0.31,29.0,0.72,8
441,11.3,0.4,27.0,0.65,6
442,11.2,0.685,43.0,0.76,7
443,11.6,0.44,19.0,0.49,7
444,12.5,0.57,27.0,0.01,7
445,10.1,0.735,31.0,0.1,6
446,10.5,0.38,72.0,0.6,5
447,11.2,0.48,16.0,0.29,5
448,10.2,0.53,27.0,0.22,6
449,10.8,0.39,35.0,0.69,6
450,10.8,0.39,35.0,0.69,6
451,9.1,0.37,26.0,0.53,6
452,10.0,0.56,35.0,0.03,6
453,11.2,0.33,22.0,0.63,7
454,11.1,0.23,67.0,0.4,5
455,13.4,0.62,19.0,0.67,8
456,10.3,0.59,22.0,0.39,5
457,9.6,0.63,65.0,0.21,5
458,11.2,0.33,22.0,0.63,7
459,9.0,0.58,47.0,0.66,3
460,11.3,0.43,23.0,0.52,6
461,9.3,0.615,19.0,0.22,5
462,11.8,0.26,25.0,0.68,5
463,9.0,0.66,129.0,0.7,5
464,9.2,0.315,15.0,0.54,6
465,9.7,0.29,26.0,0.4,5
466,11.5,0.5,51.0,0.42,6
467,14.0,0.46,18.0,0.45,6
468,9.2,0.36,21.0,0.69,6
469,9.8,0.82,48.0,0.02,5
470,10.6,0.32,47.0,0.65,5
471,11.4,0.54,52.0,0.42,6
472,10.4,0.37,68.0,0.55,6
473,10.6,0.35,14.0,0.55,5
474,9.4,0.28,24.0,0.51,6
475,10.2,0.68,28.0,0.24,5
476,9.7,0.27,16.0,0.41,5
477,11.0,0.24,20.0,0.49,6
478,10.2,0.68,28.0,0.24,5
479,10.1,0.685,31.0,0.11,6
480,9.2,0.28,23.0,0.39,5
481,11.7,0.3,17.0,0.56,8
482,9.4,0.36,18.0,0.59,5
483,9.4,0.36,18.0,0.6,5
484,13.4,0.44,24.0,0.68,6
485,10.0,0.67,17.0,0.39,5
486,10.0,0.67,17.0,0.39,5
487,10.0,0.645,14.0,0.36,6
488,10.8,0.32,67.0,0.55,7
489,10.2,0.39,26.0,0.4,6
490,10.6,0.775,56.0,0.27,6
491,13.3,0.41,25.0,0.5,7
492,13.4,0.4,27.0,0.51,7
493,11.6,0.69,81.0,0.31,6
494,12.1,0.39,91.0,0.23,6
495,11.0,0.35,16.0,0.53,8
496,9.0,0.52,38.0,0.25,6
497,11.1,0.34,113.0,0.32,5
498,11.0,0.35,16.0,0.53,8
499,11.6,0.69,81.0,0.31,6
500,9.0,0.52,38.0,0.25,6
501,12.0,0.44,76.0,0.73,7
502,12.0,0.44,76.0,0.73,7
503,10.9,0.26,24.0,0.47,7
504,10.8,0.24,22.0,0.42,7
505,12.5,0.49,26.0,0.63,7
506,10.8,0.24,21.0,0.46,7
507,9.5,0.67,13.0,0.55,6
508,10.2,0.59,62.0,0.31,6
509,11.4,0.29,43.0,0.75,7
510,9.5,0.42,43.0,0.49,5
511,10.2,0.59,62.0,0.31,6
512,9.7,0.4,49.0,0.48,6
513,11.8,0.51,15.0,0.64,7
514,11.8,0.51,15.0,0.64,7
515,9.3,0.655,151.0,0.49,5
516,11.9,0.6,14.0,0.49,6
517,8.4,0.61,16.0,0.49,3
518,11.7,0.21,32.0,0.49,6
519,11.0,0.365,106.0,0.49,5
520,10.0,0.25,33.0,0.49,6
521,9.1,0.41,43.0,0.49,5
522,9.8,0.39,133.0,0.49,5
523,9.4,0.4,142.0,0.49,5
524,9.5,0.43,116.0,0.49,5
525,9.9,0.64,53.0,0.24,5
526,11.0,0.365,106.0,0.49,5
527,11.4,0.38,85.0,0.49,6
528,8.7,0.42,55.0,0.49,6
529,9.4,0.63,33.0,0.24,5
530,10.3,0.22,28.0,0.24,6
531,10.3,0.38,42.0,0.49,5
532,10.3,0.38,42.0,0.49,5
533,12.8,0.27,33.0,0.24,6
534,10.0,0.48,32.0,0.24,6
535,10.3,0.22,28.0,0.24,6
536,9.4,0.63,33.0,0.24,5
537,10.7,0.825,13.0,0.24,6
538,12.0,0.35,35.0,0.49,7
539,11.2,0.5,17.0,0.74,5
540,9.6,0.59,47.0,0.24,5
541,11.0,0.46,17.0,0.49,6
542,9.9,0.715,20.0,0.24,5
543,11.0,0.66,53.0,0.24,6
544,8.4,0.31,15.0,0.74,6
545,9.1,0.47,106.0,0.49,5
546,9.5,0.55,28.0,0.24,6
547,10.7,0.31,21.0,0.49,6
548,10.4,0.35,69.0,0.49,6
549,9.4,0.53,25.0,0.49,6
550,9.5,0.51,25.0,0.01,6
551,10.0,0.43,45.0,0.24,6
552,10.0,0.46,44.0,0.24,6
553,11.5,1.04,96.0,0.24,5
554,11.1,0.645,23.0,0.49,5
555,11.1,0.645,23.0,0.49,5
556,11.7,0.53,17.0,0.49,6
557,11.1,0.645,23.0,0.49,5
558,11.7,0.53,17.0,0.49,6
559,12.7,0.47,47.0,0.49,6
560,11.4,0.6,19.0,0.49,5
561,9.2,0.44,121.0,0.49,5
562,9.2,0.54,110.0,0.49,5
563,10.1,0.29,60.0,0.49,6
564,12.7,0.47,47.0,0.49,6
565,11.4,0.6,19.0,0.49,5
566,9.0,0.7,15.0,0.24,6
567,9.0,0.7,15.0,0.24,6
568,10.7,0.5,20.0,0.49,6
569,11.7,0.36,42.0,0.24,6
570,11.0,0.35,37.0,0.49,6
571,11.7,0.36,42.0,0.24,6
572,10.4,0.24,28.0,0.49,5
573,9.6,0.59,47.0,0.49,4
574,10.0,0.34,78.0,0.49,6
575,10.2,0.27,46.0,0.49,6
576,10.0,0.5,14.0,0.24,4
577,9.5,0.44,111.0,0.49,5
578,9.8,0.47,110.0,0.49,5
579,9.8,0.31,40.0,0.49,6
580,9.6,0.5,14.0,0.49,5
581,9.6,0.5,14.0,0.49,5
582,9.2,0.49,15.0,0.49,5
583,9.9,0.28,21.0,0.49,7
584,10.7,0.33,80.0,0.49,7
585,9.6,0.51,38.0,0.24,6
586,10.6,0.31,47.0,0.49,7
587,9.3,0.73,102.0,0.24,5
588,14.0,0.42,50.0,0.24,8
589,10.5,0.29,13.0,0.49,7
590,9.7,0.45,75.0,0.49,5
591,11.5,0.39,149.0,0.49,6
592,9.7,0.45,75.0,0.49,5
593,9.0,0.49,43.0,0.58,5
594,9.5,0.72,38.0,0.17,5
595,9.3,0.595,109.0,0.41,5
596,9.3,0.4,24.0,0.51,6
597,10.0,0.58,18.0,0.58,6
598,9.8,0.585,30.0,0.18,6
599,9.3,0.59,22.0,0.45,6
600,10.0,0.915,23.0,0.27,4
601,9.0,0.46,35.0,0.52,6
602,9.3,0.835,14.0,0.0,5
603,9.0,0.46,35.0,0.52,6
604,9.1,0.58,63.0,0.13,6
605,9.2,0.6,24.0,0.13,6
606,12.2,0.41,20.0,0.48,7
607,10.5,0.48,52.0,0.41,6
608,10.4,0.65,65.0,0.37,6
609,12.7,0.36,39.0,0.19,6
610,9.2,0.24,57.0,0.54,5
611,9.4,0.38,16.0,0.55,5
612,10.0,0.64,29.0,0.0,6
613,9.8,0.39,29.0,0.38,5
614,10.2,0.755,103.0,0.18,6
615,9.7,0.6,71.0,0.5,5
616,9.7,0.6,71.0,0.5,5
617,9.8,0.31,28.0,0.51,6
618,10.2,0.46,17.0,0.5,5
619,9.3,0.37,16.0,0.41,5
620,9.4,0.54,112.0,0.24,5
621,9.4,0.56,104.0,0.23,5
622,9.5,0.58,32.0,0.22,5
623,12.1,0.51,45.0,0.25,6
624,10.2,0.69,58.0,0.0,5
625,10.2,0.69,58.0,0.0,5
626,9.1,0.6,15.0,0.29,5
627,9.1,0.6,15.0,0.29,5
628,9.3,0.54,31.0,0.26,6
629,9.3,0.685,84.0,0.23,5
630,9.3,0.54,31.0,0.26,6
631,9.5,0.28,19.0,0.54,5
632,10.5,0.41,43.0,0.14,6
633,11.3,0.935,86.0,0.22,4
634,9.5,0.35,102.0,0.21,5
635,9.7,0.84,33.0,0.0,5
636,9.4,0.88,147.0,0.28,5
637,9.4,0.885,145.0,0.27,5
638,10.2,0.915,23.0,0.12,7
639,10.3,0.29,57.0,0.35,6
640,9.4,0.54,40.0,0.45,5
641,9.5,0.59,68.0,0.44,5
642,9.4,0.54,40.0,0.45,5
643,9.5,0.59,68.0,0.44,5
644,9.4,0.54,40.0,0.45,5
645,10.1,0.64,11.0,0.1,7
646,10.1,0.67,20.0,0.05,5
647,11.0,0.845,14.0,0.01,4
648,11.2,0.48,28.0,0.3,7
649,11.3,0.42,148.0,0.27,6
650,9.6,0.43,32.0,0.39,5
651,11.2,0.88,155.0,0.25,5
652,14.9,0.36,71.0,0.65,5
653,12.0,0.33,30.0,0.59,6
654,9.5,0.47,29.0,0.47,5
655,9.4,0.55,53.0,0.17,5
656,9.6,0.43,32.0,0.39,5
657,10.5,0.5,42.0,0.59,7
658,9.6,0.52,20.0,0.07,6
659,11.0,0.84,13.0,0.02,4
660,9.6,0.52,20.0,0.07,6
661,9.0,0.42,42.0,0.31,5
662,9.6,0.57,27.0,0.06,6
663,10.2,0.28,13.0,0.46,6
664,10.2,0.4,54.0,0.52,5
665,9.7,0.59,48.0,0.14,5
666,9.5,0.49,16.0,0.36,6
667,9.2,0.34,15.0,0.45,6
668,11.0,0.73,31.0,0.43,5
669,9.2,0.34,15.0,0.45,6
670,10.0,0.4,45.0,0.24,5
671,9.5,0.73,13.0,0.21,5
672,9.5,1.24,151.0,0.34,5
673,9.5,0.73,13.0,0.21,5
674,9.3,0.4,17.0,0.41,6
675,10.2,0.41,31.0,0.39,5
676,9.3,0.4,17.0,0.41,6
677,9.9,0.8,31.0,0.11,5
678,10.0,0.78,87.0,0.1,5
679,9.6,0.26,49.0,0.45,5
680,9.0,0.43,40.0,0.58,5
681,10.2,0.45,29.0,0.23,6
682,9.8,0.46,58.0,0.31,5
683,11.3,0.78,15.0,0.23,5
684,9.4,0.98,152.0,0.32,5
685,11.3,0.78,15.0,0.23,5
686,9.1,0.65,40.0,0.18,5
687,9.7,0.64,38.0,0.23,5
688,9.4,0.66,9.0,0.04,5
689,9.4,0.38,17.0,0.48,5
690,10.7,1.185,14.0,0.0,3
691,9.8,0.92,93.0,0.24,5
692,9.0,0.49,62.0,0.51,5
693,9.4,0.48,122.0,0.32,5
694,9.4,0.47,125.0,0.31,5
695,12.8,0.47,44.0,0.02,6
696,9.5,0.65,25.0,0.02,6
697,9.5,0.65,25.0,0.02,6
698,9.7,0.615,72.0,0.28,5
699,10.8,0.38,19.0,0.55,6
700,10.1,1.02,88.0,0.43,6
701,9.5,0.65,25.0,0.02,6
702,9.4,0.64,23.0,0.02,6
703,9.6,0.38,84.0,0.48,4
704,9.7,0.765,14.0,0.04,4
705,9.9,1.035,54.0,0.15,5
706,10.0,0.78,19.0,0.08,5
707,10.5,0.49,37.0,0.19,5
708,11.6,0.545,35.0,0.12,6
709,10.0,0.31,33.0,0.47,6
710,10.1,1.025,84.0,0.43,5
711,9.5,0.565,112.0,0.34,5
712,9.4,0.69,33.0,0.0,5
713,9.4,0.43,48.0,0.36,5
714,9.8,0.74,77.0,0.28,5
715,9.2,0.49,34.0,0.18,6
716,9.4,0.43,48.0,0.36,5
717,10.0,0.46,49.0,0.11,5
718,9.6,0.56,22.0,0.04,5
719,9.5,0.66,45.0,0.0,5
720,9.6,0.56,22.0,0.04,5
721,9.2,0.48,106.0,0.24,5
722,10.0,0.42,48.0,0.08,5
723,9.5,0.31,127.0,0.3,5
724,11.2,1.115,12.0,0.1,4
725,10.4,0.66,13.0,0.17,5
726,11.1,0.72,49.0,0.09,6
727,9.5,0.57,11.0,0.02,5
728,9.5,0.57,11.0,0.02,5
729,12.7,0.865,58.0,0.03,6
730,9.6,0.55,37.0,0.66,5
731,11.5,0.875,14.0,0.13,5
732,9.6,0.835,19.0,0.03,5
733,9.5,0.45,72.0,0.34,5
734,9.3,0.56,39.0,0.2,5
735,9.5,0.965,22.0,0.1,5
736,9.5,0.965,22.0,0.1,5
737,9.3,0.59,58.0,0.0,6
738,9.2,0.46,104.0,0.23,5
739,9.3,0.69,38.0,0.0,5
740,11.5,0.76,16.0,0.29,6
741,9.5,0.53,139.0,0.24,5
742,9.2,0.615,18.0,0.0,5
743,10.0,0.41,101.0,0.58,5
744,9.5,0.39,101.0,0.54,5
745,9.5,0.51,28.0,0.18,6
746,9.0,0.34,57.0,0.38,6
747,9.4,0.33,68.0,0.4,5
748,9.6,0.5,31.0,0.18,6
749,9.5,0.51,28.0,0.18,6
750,9.5,0.65,40.0,0.1,5
751,9.5,0.65,40.0,0.1,5
752,9.4,0.54,66.0,0.13,5
753,9.5,0.65,40.0,0.1,5
754,9.1,0.48,32.0,0.68,6
755,10.7,0.91,47.0,0.07,6
756,11.2,0.98,33.0,0.01,6
757,9.8,0.87,31.0,0.0,5
758,9.8,0.87,31.0,0.0,5
759,9.2,0.42,88.0,0.21,5
760,9.7,0.58,104.0,0.25,5
761,9.6,0.655,35.0,0.26,5
762,10.0,0.7,19.0,0.0,6
763,9.6,0.655,35.0,0.26,5
764,9.5,0.68,44.0,0.11,6
765,9.5,0.67,48.0,0.1,6
766,9.4,0.59,74.0,0.18,5
767,9.5,0.6,98.0,0.32,5
768,9.7,0.59,94.0,0.02,6
769,9.6,0.72,32.0,0.01,5
770,9.7,0.59,94.0,0.02,6
771,9.4,0.685,143.0,0.26,5
772,9.4,0.57,144.0,0.27,5
773,9.5,0.4,44.0,0.29,6
774,9.5,0.4,45.0,0.3,6
775,10.0,1.0,16.0,0.0,5
776,10.3,0.765,48.0,0.18,6
777,10.3,0.635,18.0,0.17,6
778,10.5,0.43,34.0,0.3,5
779,9.8,0.52,92.0,0.03,5
780,9.4,0.57,45.0,0.0,6
781,9.8,0.46,37.0,0.14,5
782,10.0,0.82,96.0,0.05,5
783,9.8,0.46,37.0,0.14,5
784,9.8,0.59,85.0,0.01,5
785,9.5,0.35,61.0,0.41,5
786,9.5,0.35,61.0,0.41,5
787,10.1,0.56,58.0,0.24,6
788,10.1,0.56,58.0,0.24,6
789,9.3,0.63,119.0,0.17,5
790,9.7,0.37,82.0,0.43,6
791,9.6,0.64,130.0,0.17,5
792,9.7,0.61,87.0,0.02,6
793,10.8,0.6,13.0,0.0,5
794,12.5,0.27,26.0,0.54,6
795,10.2,0.89,60.0,0.3,5
796,9.6,0.46,64.0,0.31,5
797,10.8,0.37,42.0,0.44,7
798,10.7,0.5,14.0,0.34,6
799,10.7,0.5,14.0,0.34,6
800,9.4,0.61,108.0,0.08,5
801,10.0,0.55,17.0,0.09,5
802,12.9,0.585,86.0,0.0,7
803,9.6,0.56,46.0,0.08,6
804,9.9,0.52,18.0,0.22,6
805,12.8,0.28,10.0,0.4,7
806,12.5,0.25,10.0,0.39,7
807,12.8,0.28,10.0,0.4,7
808,9.2,0.53,12.0,0.12,5
809,10.3,0.48,15.0,0.31,6
810,10.5,0.49,14.0,0.1,5
811,10.9,0.5,24.0,0.55,6
812,10.8,0.45,38.0,0.33,5
813,11.4,0.39,7.0,0.24,4
814,11.3,0.41,41.0,0.54,6
815,10.8,0.45,38.0,0.33,5
816,10.5,0.51,30.0,0.19,6
817,11.9,0.29,27.0,0.42,6
818,9.4,0.715,47.0,0.0,5
819,9.6,0.66,59.0,0.15,5
820,9.7,0.685,22.0,0.0,5
821,14.0,0.42,42.0,0.0,7
822,9.8,0.54,36.0,0.13,5
823,9.8,0.54,36.0,0.13,5
824,10.3,0.48,16.0,0.28,5
825,10.7,0.46,37.0,0.14,5
826,11.0,0.27,8.0,0.34,7
827,10.7,0.46,37.0,0.14,5
828,12.7,0.57,45.0,0.09,8
829,11.1,0.61,24.0,0.08,6
830,10.9,0.685,9.0,0.07,4
831,11.1,0.61,24.0,0.08,6
832,9.9,0.44,48.0,0.42,3
833,9.9,0.47,51.0,0.44,4
834,9.4,0.685,23.0,0.26,5
835,9.3,0.665,55.0,0.1,5
836,11.7,0.28,100.0,0.28,7
837,11.7,0.28,100.0,0.28,7
838,11.2,0.31,28.0,0.35,7
839,10.0,0.5,26.0,0.04,5
840,12.1,0.42,34.0,0.47,7
841,10.3,0.66,31.0,0.0,5
842,10.9,0.5,68.0,0.45,6
843,9.4,0.685,92.0,0.35,5
844,10.6,0.25,42.0,0.46,6
845,9.8,0.64,31.0,0.21,5
846,9.8,0.64,31.0,0.21,5
847,9.9,0.68,39.0,0.16,6
848,9.8,0.64,31.0,0.21,5
849,9.8,0.63,32.0,0.21,5
850,9.5,0.43,22.0,0.44,5
851,9.5,0.43,22.0,0.44,5
852,9.7,0.42,122.0,0.32,5
853,10.9,0.36,55.0,0.39,6
854,10.9,0.36,55.0,0.39,6
855,11.7,0.735,14.0,0.02,7
856,10.9,0.36,55.0,0.39,6
857,11.3,0.26,47.0,0.34,7
858,10.6,0.28,32.0,0.47,7
859,11.2,0.56,24.0,0.22,6
860,9.5,0.62,85.0,0.06,5
861,11.5,1.01,88.0,0.66,6
862,10.4,0.42,25.0,0.32,5
863,9.7,0.62,84.0,0.06,5
864,9.5,0.62,85.0,0.06,5
865,9.7,0.635,86.0,0.07,5
866,11.3,0.49,24.0,0.22,6
867,11.2,0.51,22.0,0.23,6
868,11.2,0.56,24.0,0.22,6
869,10.9,0.63,43.0,0.03,6
870,11.8,0.715,43.0,0.01,6
871,10.6,0.56,46.0,0.03,5
872,10.0,0.35,48.0,0.24,4
873,11.1,0.21,10.0,0.37,7
874,11.8,0.38,10.0,0.46,7
875,11.8,0.31,16.0,0.4,7
876,10.9,0.47,14.0,0.0,4
877,11.8,0.715,43.0,0.01,6
878,10.0,0.61,69.0,0.19,6
879,9.5,0.6,88.0,0.04,5
880,9.9,0.56,21.0,0.18,5
881,11.4,0.715,35.0,0.0,6
882,12.0,0.31,26.0,0.29,6
883,9.5,0.6,88.0,0.04,5
884,10.0,0.61,69.0,0.19,6
885,10.5,0.75,30.0,0.14,5
886,10.4,0.8,28.0,0.12,6
887,12.1,0.52,56.0,0.38,7
888,11.2,0.57,64.0,0.0,6
889,9.3,0.9,99.0,0.34,5
890,10.1,0.34,52.0,0.24,5
891,9.7,0.66,86.0,0.03,5
892,9.3,0.45,18.0,0.23,6
893,9.7,0.66,86.0,0.03,5
894,9.8,0.63,88.0,0.03,6
895,10.7,0.59,43.0,0.01,6
896,12.5,0.31,43.0,0.39,7
897,10.7,0.59,43.0,0.01,6
898,12.5,0.31,43.0,0.39,7
899,11.0,1.02,11.0,0.02,3
900,11.8,0.31,39.0,0.36,5
901,10.8,0.635,33.0,0.1,7
902,10.8,0.635,33.0,0.1,7
903,10.8,0.59,18.0,0.06,7
904,10.8,0.59,18.0,0.06,7
905,9.5,0.58,115.0,0.2,5
906,11.0,0.54,78.0,0.27,5
907,11.5,0.56,9.0,0.0,6
908,10.8,0.52,61.0,0.13,6
909,11.5,0.305,11.0,0.39,6
910,13.2,0.38,11.0,0.48,6
911,10.9,0.28,9.0,0.46,6
912,12.2,0.46,8.0,0.44,6
913,12.2,0.395,10.0,0.46,7
914,11.5,0.305,11.0,0.39,6
915,11.9,0.315,6.0,0.4,6
916,11.0,0.715,62.0,0.19,5
917,10.1,0.41,45.0,0.31,6
918,11.0,0.36,79.0,0.32,6
919,11.8,0.62,46.0,0.12,6
920,10.5,0.41,23.0,0.37,5
921,11.0,0.36,79.0,0.32,6
922,11.8,0.62,46.0,0.12,6
923,10.1,0.41,45.0,0.31,6
924,11.2,0.47,28.0,0.27,5
925,11.0,0.22,77.0,0.36,7
926,10.2,0.24,73.0,0.33,6
927,9.2,0.67,75.0,0.19,4
928,11.2,0.47,28.0,0.27,5
929,12.0,0.33,19.0,0.38,7
930,10.5,0.61,25.0,0.01,5
931,9.8,0.61,38.0,0.01,5
932,9.5,0.4,66.0,0.29,6
933,9.8,0.61,38.0,0.01,5
934,10.5,0.61,25.0,0.01,5
935,11.8,0.3,72.0,0.38,6
936,11.8,0.3,72.0,0.38,6
937,10.4,0.63,26.0,0.5,4
938,12.9,0.38,42.0,0.38,7
939,11.4,0.46,11.0,0.17,5
940,12.4,0.33,25.0,0.52,7
941,12.5,0.27,17.0,0.49,7
942,10.0,0.43,52.0,0.4,7
943,9.7,0.5,45.0,0.34,7
944,12.1,0.3,24.0,0.49,7
945,11.1,0.44,20.0,0.42,7
946,12.0,0.44,24.0,0.58,7
947,12.4,0.28,12.0,0.48,7
948,11.9,0.12,21.0,0.45,7
949,11.9,0.12,21.0,0.45,7
950,11.9,0.12,21.0,0.45,7
951,12.4,0.28,12.0,0.48,7
952,11.2,0.31,10.0,0.4,7
953,12.1,0.34,9.0,0.48,7
954,12.2,0.43,11.0,0.4,6
955,10.4,0.21,23.0,0.52,5
956,11.3,0.36,10.0,0.52,6
957,11.1,0.37,51.0,0.52,6
958,11.3,0.57,36.0,0.12,7
959,10.0,0.59,32.0,0.05,5
960,11.1,0.47,38.0,0.27,6
961,9.3,0.56,18.0,0.14,5
962,9.5,0.57,16.0,0.02,5
963,11.2,0.27,27.0,0.39,6
964,11.1,0.47,38.0,0.27,6
965,11.0,0.34,48.0,0.4,6
966,11.9,0.38,10.0,0.41,7
967,9.2,0.66,113.0,0.2,5
968,12.2,0.4,46.0,0.43,6
969,10.2,0.56,22.0,0.09,5
970,10.9,0.26,10.0,0.48,6
971,10.9,0.26,10.0,0.48,6
972,11.6,0.38,13.0,0.5,7
973,10.7,0.34,12.0,0.44,5
974,12.1,0.33,13.0,0.41,7
975,9.4,0.41,72.0,0.3,5
976,9.4,0.41,72.0,0.3,5
977,9.1,0.59,119.0,0.29,5
978,11.3,0.4,29.0,0.32,7
979,10.4,0.45,6.0,0.49,5
980,10.5,0.5,17.0,0.3,6
981,10.0,0.86,28.0,0.26,5
982,12.9,0.52,70.0,0.32,6
983,10.5,0.5,17.0,0.3,6
984,10.4,0.45,6.0,0.49,5
985,11.3,0.58,11.0,0.0,6
986,11.4,0.34,7.0,0.39,7
987,9.4,0.36,70.0,0.3,5
988,9.4,0.39,27.0,0.12,5
989,10.9,0.295,21.0,0.4,6
990,9.4,0.39,27.0,0.12,5
991,9.4,0.34,68.0,0.28,5
992,9.4,0.4,47.0,0.1,6
993,9.4,0.34,68.0,0.28,5
994,9.4,0.35,88.0,0.45,5
995,10.1,0.6,41.0,0.06,6
996,12.8,0.66,11.0,0.0,7
997,12.8,0.66,11.0,0.0,7
998,9.1,0.84,10.0,0.34,6
999,12.9,0.69,12.0,0.0,6
1000,11.5,0.43,12.0,0.3,7
1001,10.6,0.35,47.0,0.38,7
1002,11.7,0.29,27.0,0.33,7
1003,12.8,0.36,8.0,0.32,7
1004,10.3,0.43,45.0,0.29,5
1005,12.8,0.36,8.0,0.32,7
1006,11.7,0.29,27.0,0.33,7
1007,11.7,0.3,25.0,0.34,7
1008,12.0,0.35,24.0,0.4,7
1009,10.9,0.5,55.0,0.36,5
1010,12.3,0.28,12.0,0.45,7
1011,10.4,0.32,19.0,0.31,6
1012,10.0,1.005,32.0,0.15,5
1013,10.0,0.71,31.0,0.0,6
1014,11.2,0.58,7.0,0.16,6
1015,11.4,0.39,27.0,0.46,6
1016,12.6,0.38,28.0,0.4,7
1017,12.7,0.18,109.0,0.37,6
1018,12.7,0.18,109.0,0.37,6
1019,10.4,0.5,23.0,0.14,5
1020,11.9,0.36,8.0,0.66,6
1021,11.9,0.36,8.0,0.66,6
1022,10.5,0.51,9.0,0.09,5
1023,12.3,0.32,9.0,0.42,6
1024,10.5,0.58,18.0,0.01,7
1025,10.4,0.83,43.0,0.0,6
1026,12.6,0.31,36.0,0.32,6
1027,11.6,0.795,52.0,0.0,5
1028,10.1,0.34,68.0,0.21,6
1029,10.5,0.58,18.0,0.01,7
1030,11.5,0.59,14.0,0.0,7
1031,11.0,0.55,15.0,0.01,7
1032,9.6,0.82,14.0,0.0,5
1033,10.4,0.57,27.0,0.08,6
1034,9.7,0.745,48.0,0.18,6
1035,10.6,0.37,17.0,0.34,7
1036,12.5,0.31,35.0,0.34,7
1037,9.2,0.91,56.0,0.1,5
1038,12.6,0.41,42.0,0.41,7
1039,11.1,0.5,39.0,0.21,6
1040,10.2,0.965,32.0,0.0,5
1041,9.8,0.49,26.0,0.19,6
1042,11.1,0.5,39.0,0.21,6
1043,10.9,0.39,39.0,0.41,7
1044,12.2,0.39,53.0,0.33,6
1045,11.4,0.44,38.0,0.0,6
1046,10.7,0.78,45.0,0.0,6
1047,10.4,0.43,51.0,0.17,5
1048,10.9,0.49,14.0,0.36,6
1049,10.8,0.5,17.0,0.36,6
1050,10.4,0.43,51.0,0.17,5
1051,9.2,0.46,45.0,0.59,5
1052,12.9,0.605,25.0,0.05,5
1053,12.7,0.33,20.0,0.42,7
1054,9.1,0.64,77.0,0.27,6
1055,9.1,0.64,77.0,0.27,6
1056,12.1,0.48,10.0,0.53,7
1057,9.1,0.42,90.0,0.25,5
1058,11.6,0.53,52.0,0.57,7
1059,12.1,0.48,10.0,0.53,7
1060,9.9,0.23,8.0,0.57,6
1061,12.5,0.4,16.0,0.5,8
1062,11.4,0.38,15.0,0.44,6
1063,11.8,0.29,17.0,0.65,6
1064,11.8,0.74,10.0,0.09,6
1065,10.2,0.61,20.0,0.18,6
1066,12.5,0.52,26.0,0.08,7
1067,10.9,0.31,10.0,0.53,7
1068,10.9,0.31,10.0,0.53,7
1069,10.8,0.62,52.0,0.35,5
1070,11.1,0.33,37.0,0.45,7
1071,9.2,0.77,92.0,0.2,5
1072,9.5,0.35,75.0,0.26,6
1073,10.7,0.62,37.0,0.33,6
1074,9.2,0.77,92.0,0.2,5
1075,10.2,0.25,67.0,0.34,7
1076,11.4,0.32,8.0,0.56,6
1077,11.0,0.37,8.0,0.65,5
1078,11.0,0.37,8.0,0.65,5
1079,12.3,0.3,278.0,0.68,7
1080,11.8,0.27,8.0,0.56,6
1081,12.3,0.3,289.0,0.68,7
1082,9.5,0.38,70.0,0.3,6
1083,12.0,0.42,59.0,0.45,6
1084,9.5,0.38,70.0,0.3,6
1085,9.6,0.48,64.0,0.08,5
1086,11.6,0.34,9.0,0.4,7
1087,11.2,0.19,30.0,0.42,6
1088,9.9,0.41,41.0,0.54,7
1089,9.9,0.41,41.0,0.54,7
1090,11.8,0.26,74.0,0.54,8
1091,11.4,0.34,19.0,0.42,6
1092,11.5,0.54,16.0,0.09,6
1093,12.0,0.31,31.0,0.36,7
1094,10.8,0.725,17.0,0.09,6
1095,10.5,0.4,20.0,0.47,5
1096,10.8,0.725,17.0,0.09,6
1097,9.4,0.52,18.0,0.38,5
1098,12.5,0.31,16.0,0.45,7
1099,9.4,0.52,18.0,0.38,5
1100,12.4,0.34,36.0,0.42,6
1101,12.0,0.49,25.0,0.27,6
1102,11.2,0.48,30.0,0.09,6
1103,12.0,0.49,25.0,0.27,6
1104,12.4,0.48,25.0,0.34,6
1105,12.8,0.57,49.0,0.28,5
1106,12.3,0.23,17.0,0.42,6
1107,11.7,0.3,24.0,0.41,7
1108,9.5,0.78,13.0,0.1,5
1109,10.8,0.47,66.0,0.43,6
1110,10.0,0.53,14.0,0.0,6
1111,12.3,0.42,55.0,0.27,7
1112,11.0,0.33,35.0,0.41,6
1113,9.5,0.24,10.0,0.39,6
1114,13.6,0.4,80.0,0.5,6
1115,11.3,0.69,21.0,0.07,6
1116,11.3,0.69,21.0,0.07,6
1117,11.3,0.69,21.0,0.07,6
1118,13.3,0.39,24.0,0.12,6
1119,12.9,0.66,15.0,0.0,5
1120,13.1,0.54,17.0,0.34,8
1121,12.3,0.5,28.0,0.0,6
1122,12.3,0.47,33.0,0.0,6
1123,11.2,0.4,29.0,0.37,6
1124,11.5,0.58,13.0,0.0,4
1125,11.3,0.24,27.0,0.35,7
1126,13.5,0.29,11.0,0.26,6
1127,11.5,0.76,52.0,0.0,6
1128,10.0,0.43,89.0,0.33,5
1129,10.5,0.43,70.0,0.35,6
1130,10.4,0.6,10.0,0.0,6
1131,9.5,0.19,135.0,0.21,5
1132,13.6,0.36,38.0,0.34,7
1133,11.2,0.48,18.0,0.07,7
1134,11.8,0.28,15.0,0.35,7
1135,11.9,0.25,50.0,0.43,6
1136,11.4,0.52,13.0,0.45,6
1137,11.4,0.52,13.0,0.45,6
1138,9.1,0.41,94.0,0.15,5
1139,9.5,0.51,86.0,0.24,6
1140,9.5,0.4,79.0,0.3,6
1141,11.0,0.38,71.0,0.32,6
1142,11.4,0.45,12.0,0.11,6
1143,10.0,0.22,20.0,0.3,6
1144,10.1,0.32,70.0,0.23,5
1145,10.4,0.2,51.0,0.43,6
1146,9.8,0.5,21.0,0.12,6
1147,11.8,0.41,14.0,0.45,7
1148,11.6,0.39,21.0,0.42,6
1149,12.0,0.35,11.0,0.47,6
1150,12.8,0.33,12.0,0.32,7
1151,12.5,0.58,70.0,0.23,6
1152,9.8,0.6,38.0,0.25,5
1153,11.1,0.42,38.0,0.35,6
1154,11.4,0.58,63.0,0.0,6
1155,9.8,0.6,38.0,0.25,5
1156,11.8,0.18,88.0,0.51,7
1157,12.9,0.51,101.0,0.18,7
1158,10.6,0.41,54.0,0.43,6
1159,10.8,0.41,37.0,0.43,5
1160,11.1,0.36,20.0,0.57,7
1161,10.2,0.45,21.0,0.43,6
1162,11.8,0.32,19.0,0.42,7
1163,10.0,0.785,21.0,0.24,5
1164,10.0,0.785,21.0,0.24,5
1165,9.4,0.44,38.0,0.5,5
1166,10.2,0.54,60.0,0.26,5
1167,12.4,0.33,48.0,0.39,7
1168,12.0,0.34,44.0,0.27,6
1169,11.5,0.5,14.0,0.29,6
1170,10.5,0.36,12.0,0.34,6
1171,10.8,0.59,44.0,0.0,6
1172,12.3,0.42,16.0,0.46,6
1173,9.5,0.36,65.0,0.31,6
1174,9.5,0.36,65.0,0.31,6
1175,11.5,0.61,59.0,0.0,6
1176,11.2,0.88,47.0,0.03,4
1177,12.7,0.66,11.0,0.0,7
1178,11.4,0.915,78.0,0.0,5
1179,11.0,0.35,47.0,0.33,6
1180,11.0,0.35,47.0,0.33,6
1181,11.4,0.39,11.0,0.43,5
1182,10.5,0.4,54.0,0.4,6
1183,9.3,0.66,61.0,0.07,5
1184,10.9,0.64,119.0,0.23,5
1185,11.9,0.43,39.0,0.3,6
1186,12.2,0.8,12.0,0.03,5
1187,11.9,0.43,39.0,0.3,6
1188,10.9,0.64,119.0,0.23,5
1189,9.6,0.955,19.0,0.05,4
1190,12.5,0.4,20.0,0.57,6
1191,10.8,0.885,12.0,0.0,5
1192,12.4,0.25,41.0,0.37,7
1193,10.8,0.885,12.0,0.0,5
1194,9.5,0.745,64.0,0.12,6
1195,9.5,0.43,56.0,0.22,6
1196,9.5,0.58,94.0,0.23,6
1197,9.8,0.57,9.0,0.21,6
1198,10.9,0.26,77.0,0.26,6
1199,9.5,0.58,94.0,0.23,6
1200,9.8,0.57,9.0,0.21,6
1201,11.2,0.34,10.0,0.36,7
1202,11.7,0.42,12.0,0.39,8
1203,9.4,0.74,76.0,0.19,5
1204,11.0,0.36,44.0,0.46,7
1205,11.0,0.36,44.0,0.46,7
1206,11.0,0.36,44.0,0.46,7
1207,10.0,0.72,52.0,0.55,5
1208,11.0,0.36,44.0,0.46,7
1209,11.2,0.39,24.0,0.43,7
1210,10.4,0.65,15.0,0.02,6
1211,9.3,0.44,53.0,0.15,5
1212,10.4,0.65,15.0,0.02,6
1213,10.5,0.38,13.0,0.42,6
1214,10.4,0.33,9.0,0.46,6
1215,11.3,0.27,29.0,0.46,6
1216,9.5,0.57,79.0,0.31,6
1217,12.0,0.34,74.0,0.37,6
1218,10.6,0.4,24.0,0.31,6
1219,10.9,0.39,50.0,0.4,6
1220,11.5,0.32,44.0,0.52,6
1221,11.5,0.32,44.0,0.52,6
1222,9.6,0.53,89.0,0.22,6
1223,12.0,0.36,23.0,0.47,6
1224,10.3,0.39,20.0,0.49,6
1225,9.4,0.46,77.0,0.23,5
1226,9.2,0.58,46.0,0.03,5
1227,9.6,0.58,21.0,0.25,5
1228,13.6,0.42,88.0,0.0,7
1229,9.5,0.43,66.0,0.29,5
1230,11.8,0.18,58.0,0.34,6
1231,10.8,0.815,90.0,0.01,5
1232,9.5,0.43,66.0,0.29,5
1233,9.3,0.23,36.0,0.37,4
1234,12.8,0.75,18.0,0.01,6
1235,11.5,0.33,113.0,0.32,4
1236,9.4,0.55,17.0,0.0,6
1237,12.8,0.75,18.0,0.01,6
1238,9.6,0.73,24.0,0.0,4
1239,11.8,0.67,20.0,0.0,4
1240,9.3,0.61,60.0,0.2,5
1241,9.8,0.37,65.0,0.39,5
1242,12.2,0.4,40.0,0.41,6
1243,9.5,0.56,86.0,0.22,5
1244,10.3,0.29,160.0,0.25,6
1245,10.5,0.55,34.0,0.19,5
1246,10.0,0.74,48.0,0.07,5
1247,10.5,0.55,34.0,0.19,5
1248,11.1,0.41,36.0,0.33,6
1249,10.9,0.6,37.0,0.01,6
1250,10.9,0.6,37.0,0.01,6
1251,9.8,0.58,60.0,0.14,5
1252,9.8,0.72,14.0,0.0,5
1253,9.5,0.66,13.0,0.0,5
1254,10.9,0.7,35.0,0.06,5
1255,11.0,0.64,46.0,0.02,5
1256,9.2,0.59,60.0,0.22,5
1257,11.0,0.58,69.0,0.28,6
1258,11.3,0.64,33.0,0.0,6
1259,11.3,0.64,33.0,0.0,6
1260,9.3,0.635,56.0,0.68,5
1261,11.2,1.02,24.0,0.0,4
1262,9.8,0.45,66.0,0.38,5
1263,9.6,0.78,26.0,0.0,4
1264,11.8,0.37,51.0,0.32,6
1265,10.3,0.57,36.0,0.05,6
1266,10.3,0.57,36.0,0.05,6
1267,11.4,0.43,19.0,0.5,6
1268,9.5,0.41,51.0,0.31,6
1269,14.0,0.49,87.0,0.03,8
1270,14.0,0.38,60.0,0.01,6
1271,11.7,0.44,64.0,0.2,6
1272,11.2,0.46,44.0,0.0,5
1273,9.3,0.58,44.0,0.2,5
1274,11.2,0.58,36.0,0.13,6
1275,9.5,0.715,81.0,0.22,6
1276,12.0,0.4,10.0,0.4,4
1277,9.7,0.69,10.0,0.0,6
1278,9.5,0.715,81.0,0.22,6
1279,11.5,0.3,9.0,0.39,7
1280,10.4,0.46,54.0,0.2,6
1281,10.4,0.46,54.0,0.2,6
1282,10.9,0.765,22.0,0.0,6
1283,10.2,0.63,69.0,0.28,6
1284,10.9,0.42,36.0,0.19,5
1285,10.5,0.37,47.0,0.5,5
1286,12.4,0.16,31.0,0.44,6
1287,13.0,0.6,7.0,0.08,5
1288,10.2,0.6,110.0,0.3,5
1289,10.2,0.6,110.0,0.3,5
1290,11.0,0.74,12.0,0.0,5
1291,10.9,0.635,60.0,0.1,6
1292,12.4,0.395,28.0,0.13,6
1293,9.7,0.755,12.0,0.0,4
1294,10.9,0.635,60.0,0.1,6
1295,9.5,0.63,77.5,0.0,5
1296,9.5,0.63,77.5,0.0,5
1297,12.1,0.53,29.0,0.14,6
1298,12.2,0.6,18.0,0.0,6
1299,10.9,1.58,9.0,0.0,3
1300,12.5,0.645,28.0,0.0,6
1301,11.7,0.86,57.0,0.07,6
1302,11.2,0.37,15.0,0.32,6
1303,11.2,0.28,68.0,0.44,5
1304,9.2,0.79,68.0,0.21,5
1305,9.8,0.61,88.0,0.26,5
1306,10.1,0.69,91.0,0.32,5
1307,11.1,0.68,29.0,0.09,4
1308,10.1,0.69,91.0,0.32,5
1309,9.2,0.62,63.0,0.1,5
1310,9.8,0.61,88.0,0.26,5
1311,12.8,0.51,27.0,0.15,6
1312,10.5,1.18,41.0,0.21,5
1313,10.1,0.36,65.0,0.21,6
1314,10.1,0.36,69.0,0.21,6
1315,9.8,0.63,91.0,0.27,6
1316,12.5,0.74,46.0,0.0,6
1317,11.9,0.44,41.0,0.46,6
1318,9.8,0.63,91.0,0.27,6
1319,9.1,0.76,64.0,0.68,6
1320,10.1,0.66,88.0,0.34,5
1321,12.5,0.74,46.0,0.0,6
1322,11.4,0.34,18.0,0.42,5
1323,11.0,0.36,55.0,0.39,7
1324,10.6,0.46,34.0,0.24,6
1325,10.6,0.46,34.0,0.24,6
1326,10.6,0.46,34.0,0.24,6
1327,10.6,0.46,34.0,0.24,6
1328,9.3,0.52,38.0,0.11,5
1329,9.8,0.6,91.0,0.26,6
1330,9.8,0.6,91.0,0.26,6
1331,9.2,0.87,67.0,0.26,5
1332,9.7,0.39,25.0,0.1,6
1333,9.6,0.775,48.0,0.22,5
1334,10.0,0.835,11.0,0.0,5
1335,12.6,0.58,40.0,0.02,6
1336,9.5,0.5,26.0,0.0,5
1337,9.5,0.5,26.0,0.0,5
1338,9.5,0.5,26.0,0.0,5
1339,10.5,0.51,31.0,0.02,6
1340,10.5,0.51,31.0,0.02,6
1341,10.5,0.51,31.0,0.02,6
1342,10.4,0.54,31.0,0.02,6
1343,10.5,0.51,31.0,0.02,6
1344,11.0,0.42,20.0,0.48,5
1345,10.2,0.44,28.0,0.24,6
1346,11.4,0.59,13.0,0.01,5
1347,9.5,0.655,12.0,0.03,5
1348,9.5,0.655,12.0,0.03,5
1349,10.8,0.57,41.0,0.0,5
1350,10.0,0.6,73.0,0.29,5
1351,11.8,0.62,46.0,0.01,6
1352,10.3,0.645,57.0,0.03,5
1353,10.3,0.645,57.0,0.03,5
1354,10.0,0.58,28.0,0.03,5
1355,10.1,0.32,32.0,0.25,5
1356,10.1,0.34,28.0,0.25,5
1357,11.1,0.43,67.0,0.24,6
1358,9.5,0.64,98.0,0.17,5
1359,10.0333333333333,0.475,28.0,0.4,6
1360,10.9,0.54,38.0,0.31,5
1361,10.1,0.85,54.0,0.14,5
1362,10.0333333333333,0.475,28.0,0.4,6
1363,9.8,0.83,63.0,0.27,4
1364,11.8,0.605,31.0,0.02,6
1365,9.5,0.5,42.0,0.09,5
1366,9.8,0.74,45.0,0.08,5
1367,10.5,0.54,105.0,0.3,6
1368,9.8,0.77,74.0,0.32,6
1369,10.4,0.61,8.0,0.0,4
1370,9.2,0.78,66.0,0.51,5
1371,11.6,0.58,14.0,0.56,6
1372,9.2,0.78,66.0,0.51,5
1373,9.3,0.75,89.0,0.27,5
1374,9.8,0.815,29.0,0.0,3
1375,9.9,0.56,100.0,0.26,5
1376,10.0,0.885,31.0,0.2,5
1377,12.2,0.49,74.0,0.26,6
1378,9.9,0.45,28.0,0.15,6
1379,10.8,0.57,35.0,0.02,6
1380,10.8,0.57,35.0,0.02,6
1381,9.6,0.83,25.0,0.09,5
1382,9.9,0.6,105.0,0.22,5
1383,9.9,0.6,105.0,0.22,5
1384,9.5,0.755,84.0,0.15,5
1385,9.2,0.81,85.0,0.25,5
1386,9.6,0.64,23.0,0.07,5
1387,9.6,0.64,23.0,0.07,5
1388,10.3,0.64,49.0,0.31,5
1389,9.7,0.48,111.0,0.02,5
1390,12.5,0.49,33.0,0.0,6
1391,11.0,0.64,33.0,0.22,5
1392,9.8,0.62,12.0,0.06,5
1393,10.2,0.52,59.0,0.25,5
1394,9.2,0.57,73.0,0.14,5
1395,9.55,0.685,12.0,0.1,6
1396,9.55,0.675,11.0,0.1,5
1397,9.9,0.59,104.0,0.26,5
1398,10.2,0.6,28.0,0.12,7
1399,11.1,0.67,24.0,0.0,6
1400,9.9,0.69,141.0,0.21,5
1401,9.9,0.69,141.0,0.21,5
1402,11.9,0.3,24.0,0.42,6
1403,10.0,0.33,13.0,0.33,8
1404,10.7,0.5,46.0,0.39,6
1405,11.3,0.28,34.0,0.3,7
1406,10.9,0.24,22.0,0.34,6
1407,10.7,0.51,54.0,0.0,6
1408,12.4,0.29,53.0,0.36,7
1409,10.7,0.51,54.0,0.0,6
1410,11.9,0.96,16.0,0.0,6
1411,10.6,0.47,19.0,0.4,6
1412,10.9,0.24,22.0,0.34,6
1413,10.1,0.57,89.0,0.25,5
1414,9.6,0.32,15.0,0.59,5
1415,9.4,0.58,18.0,0.0,5
1416,9.6,0.32,15.0,0.59,5
1417,12.1,0.34,37.0,0.33,7
1418,9.8,0.53,19.0,0.01,5
1419,9.9,0.64,133.0,0.21,5
1420,9.8,0.53,19.0,0.01,5
1421,9.4,0.4,58.0,0.18,5
1422,11.4,0.54,55.0,0.0,6
1423,11.0,0.53,31.0,0.09,4
1424,9.6,0.26,23.0,0.37,6
1425,9.6,0.26,23.0,0.37,6
1426,12.1,0.23,60.0,0.37,6
1427,11.2,0.41,23.0,0.33,5
1428,11.0,0.64,55.0,0.0,5
1429,11.3,0.18,67.0,0.4,5
1430,10.4,0.41,47.0,0.24,5
1431,9.9,0.43,74.0,0.31,6
1432,11.7,0.44,11.0,0.0,6
1433,10.1,0.4,25.0,0.16,7
1434,9.0,0.54,95.0,0.37,6
1435,9.0,0.54,95.0,0.37,6
1436,8.5,0.38,90.0,0.38,5
1437,11.1,0.915,39.0,0.29,5
1438,10.3,0.59,8.0,0.0,5
1439,11.0666666666667,0.67,92.0,0.02,6
1440,11.3,0.37,28.0,0.32,7
1441,9.56666666666667,0.785,98.0,0.19,6
1442,9.8,0.63,30.0,0.02,5
1443,11.7,0.58,22.0,0.2,5
1444,11.1,0.67,92.0,0.02,6
1445,9.6,0.785,98.0,0.19,6
1446,9.8,0.63,30.0,0.02,5
1447,9.7,0.67,39.0,0.0,5
1448,9.7,0.58,54.0,0.01,5
1449,11.3,0.38,29.0,0.31,8
1450,11.3,0.37,28.0,0.32,7
1451,11.0,0.32,17.0,0.44,7
1452,11.6,0.58,53.0,0.02,7
1453,9.0,0.49,85.0,0.33,5
1454,10.9,0.45,23.0,0.63,6
1455,10.9,0.9,17.0,0.0,6
1456,10.55,0.54,89.0,0.06,6
1457,9.0,0.49,85.0,0.33,5
1458,10.5,0.29,20.0,0.4,5
1459,11.9,0.2,15.0,0.35,7
1460,10.4,0.42,64.0,0.09,6
1461,10.0,0.785,13.0,0.0,4
1462,10.4,0.64,31.0,0.03,6
1463,10.8,0.63,39.0,0.01,6
1464,9.7,0.59,53.0,0.1,5
1465,9.7,0.59,53.0,0.1,5
1466,10.0,0.48,54.0,0.32,7
1467,11.0,1.04,32.0,0.08,4
1468,10.0,0.48,54.0,0.32,7
1469,9.7,0.98,49.0,0.05,3
1470,9.7,0.69,24.0,0.11,5
1471,12.6,0.7,16.0,0.08,5
1472,11.1,0.35,44.0,0.6,6
1473,11.0,0.6,45.0,0.08,5
1474,8.8,0.5,82.0,0.5,5
1475,13.5666666666667,0.47,89.0,0.11,7
1476,8.8,0.5,82.0,0.5,5
1477,13.6,0.47,89.0,0.11,7
1478,10.2,0.875,14.0,0.05,3
1479,10.6,0.28,22.0,0.6,5
1480,10.1,0.62,13.0,0.03,4
1481,10.6,0.28,22.0,0.6,5
1482,10.3,0.58,9.0,0.54,4
1483,10.7,0.33,12.0,0.44,5
1484,10.9,0.91,11.0,0.06,4
1485,9.7,0.655,25.0,0.16,5
1486,10.3,0.68,23.0,0.21,5
1487,10.6,0.64,17.0,0.05,5
1488,11.4,0.54,13.0,0.04,5
1489,10.8,0.57,11.0,0.1,6
1490,12.4,0.22,18.0,0.49,6
1491,11.4,0.54,13.0,0.04,5
1492,11.95,0.65,18.0,0.06,5
1493,9.7,0.54,147.0,0.26,5
1494,10.0,0.31,28.0,0.09,7
1495,10.6,0.43,28.0,0.02,6
1496,9.7,0.54,147.0,0.26,5
1497,11.5,0.74,16.0,0.03,6
1498,10.8,0.895,13.0,0.04,6
1499,11.5,0.74,16.0,0.03,6
1500,9.6,0.725,15.0,0.04,5
1501,9.4,0.82,64.0,0.29,5
1502,9.8,0.585,60.0,0.18,5
1503,11.0,0.44,14.0,0.39,6
1504,11.4,0.38,12.0,0.57,6
1505,9.95,0.76,12.0,0.02,3
1506,10.8,0.81,14.0,0.05,6
1507,11.4,0.38,12.0,0.57,6
1508,10.6,0.27,25.0,0.6,6
1509,11.1,0.18,20.0,0.4,5
1510,9.7,0.36,48.0,0.21,6
1511,9.8,0.69,27.0,0.04,5
1512,10.4,0.79,17.0,0.04,6
1513,10.5,0.56,65.0,0.15,6
1514,9.23333333333333,0.84,65.0,0.21,6
1515,9.25,0.84,65.0,0.21,6
1516,10.6,0.32,58.0,0.25,5
1517,10.3,0.53,44.0,0.06,6
1518,10.5,0.47,20.0,0.46,5
1519,10.2,0.7,27.0,0.08,5
1520,10.3,0.53,44.0,0.06,6
1521,9.05,0.48,23.0,0.2,4
1522,10.6,0.32,58.0,0.25,5
1523,10.4,0.48,61.0,0.25,5
1524,10.0,0.42,47.0,0.19,6
1525,9.7,0.48,34.0,0.08,5
1526,9.6,0.47,38.0,0.08,6
1527,10.8,0.53,24.0,0.07,6
1528,10.1,0.29,59.0,0.49,6
1529,10.2,0.69,52.0,0.08,6
1530,11.3,0.44,18.0,0.09,6
1531,10.2,0.705,28.0,0.1,5
1532,9.9,0.53,22.0,0.13,6
1533,9.0,0.39,84.0,0.3,5
1534,11.7,0.56,29.0,0.14,7
1535,9.7,0.55,35.0,0.13,6
1536,10.3,0.53,45.0,0.08,6
1537,10.2,0.58,31.0,0.08,6
1538,12.0,0.64,26.0,0.09,5
1539,9.9,0.39,60.0,0.32,5
1540,11.6,0.52,32.0,0.08,6
1541,10.9,0.25,49.0,0.29,7
1542,10.75,0.855,38.0,0.02,6
1543,10.4,0.44,19.0,0.42,6
1544,11.2,0.37,19.0,0.43,7
1545,10.1,0.63,28.0,0.33,6
1546,10.2,0.57,26.0,0.02,5
1547,12.1,0.6,26.0,0.1,5
1548,10.4,0.4,50.0,0.5,5
1549,11.4,0.36,24.0,0.3,8
1550,9.5,0.68,26.0,0.0,5
1551,9.4,0.67,27.0,0.0,5
1552,11.3,0.68,54.0,0.01,6
1553,9.4,0.735,28.0,0.0,5
1554,11.0,0.855,23.0,0.02,6
1555,10.55,0.56,24.0,0.17,7
1556,9.9,0.88,20.0,0.04,5
1557,11.0,0.855,23.0,0.02,6
1558,9.5,0.63,115.0,0.33,5
1559,9.9,0.6,131.0,0.26,5
1560,9.9,0.6,131.0,0.26,5
1561,9.9,0.6,131.0,0.26,5
1562,10.1,0.695,20.0,0.13,5
1563,10.1,0.695,20.0,0.13,5
1564,10.1,0.695,20.0,0.13,5
1565,10.9,0.67,42.0,0.02,6
1566,11.2,0.16,52.0,0.64,6
1567,10.1,0.695,20.0,0.13,5
1568,9.2,0.56,42.0,0.13,5
1569,11.5,0.51,34.0,0.14,6
1570,12.4,0.36,35.0,0.53,6
1571,11.1,0.38,25.0,0.14,6
1572,9.5,0.69,104.0,0.32,5
1573,12.5,0.58,50.0,0.2,6
1574,10.5,0.31,92.0,0.78,6
1575,11.8,0.52,20.0,0.4,6
1576,10.8,0.3,29.0,0.63,6
1577,11.9,0.7,27.0,0.15,6
1578,11.3,0.67,20.0,0.15,6
1579,11.3,0.56,32.0,0.09,5
1580,11.9,0.35,26.0,0.33,6
1581,11.3,0.56,32.0,0.09,5
1582,11.9,0.715,27.0,0.1,5
1583,9.8,0.46,98.0,0.29,5
1584,11.6,0.32,34.0,0.44,7
1585,11.5,0.39,48.0,0.44,6
1586,11.4,0.31,60.0,0.41,6
1587,10.9,0.61,28.0,0.11,6
1588,12.8,0.66,102.0,0.33,6
1589,9.2,0.725,79.0,0.2,5
1590,11.6,0.55,35.0,0.15,6
1591,11.6,0.74,26.0,0.09,6
1592,11.0,0.51,40.0,0.13,6
1593,9.5,0.62,38.0,0.08,6
1594,10.5,0.6,44.0,0.08,5
1595,11.2,0.55,51.0,0.1,6
1596,11.0,0.51,40.0,0.13,6
1597,10.2,0.645,44.0,0.12,5
1598,11.0,0.31,42.0,0.47,6
